[{"id":"1","department":"Atlántico","eps":[{"name":"ALIANSALUD ENTIDAD PROMOTORA DE SALUD S.A.","url":"https://www.aliansalud.com.co/Paginas/default.aspx"},{"name":"ANASWAYUU","url":"https://epsianaswayuu.com/"},{"name":"ASOCIACIÓN INDÍGENA DEL CAUCA","url":"https://aicsalud.org.co/"},{"name":"ASOCIACION MUTUAL SER EMPRESA SOLIDARIA DE SALUD EPS","url":"https://www.mutualser.com/"},{"name":"COMPENSAR E.P.S.","url":"https://corporativo.compensar.com/"},{"name":"COOPERATIVA DE SALUD Y DESARROLLO INTEGRAL ZONA SUR ORIENTAL DE CARTAGENA","url":"https://vymaps.com/CO/COOPERATIVA-DE-SALUD-Y-DESARROL...L-ZONA-SUR-ORIENTAL-DE-CARTAGENA-LTDA-COOSALUD-E-S-S--162329/"},{"name":"E.P.S. FAMISANAR LTDA.","url":"https://www.famisanar.com.co/"},{"name":"E.P.S. SANITAS S.A.","url":"https://www.epssanitas.com/usuarios/web/nuevo"},{"name":"EPS SERVICIO OCCIDENTAL DE SALUD S.A.","url":"https://www.sos.com.co/"},{"name":"EPS Y MEDICINA PREPAGADA SURAMERICANA S.A","url":"https://www.epssura.com/mobile/index.php?option=com_content&view=article&id=583&Itemid=279"},{"name":"MUTUAL SER EMPRESA SOLIDARIA DE SALUD – MUTUAL SER EPS","url":"https://www.mutualser.com/ser-afiliado/aprende-a-realizar-tu-portabilidad/"},{"name":"NUEVA E.P.S.","url":"https://www.nuevaeps.com.co/personas"},{"name":"SALUD TOTAL S.A. E.P.S.","url":"https://saludtotal.com.co/"},{"name":"SALUDVIDA S.A. E.P.S","url":"https://www.saludvidaeps.com/index.php"},{"name":"SAVIA SALUD EPS","url":"https://www.saviasaludeps.com/sitioweb/"}]},{"id":"2","department":"Bolívar","eps":[{"name":"ALIANSALUD ENTIDAD PROMOTORA DE SALUD S.A.","url":"https://www.aliansalud.com.co/Paginas/default.aspx"},{"name":"ANASWAYUU","url":"https://epsianaswayuu.com/"},{"name":"ASOCIACIÓN INDÍGENA DEL CAUCA","url":"https://aicsalud.org.co/"},{"name":"ASOCIACION MUTUAL SER EMPRESA SOLIDARIA DE SALUD EPS","url":"https://www.mutualser.com/"},{"name":"COMPENSAR E.P.S.","url":"https://corporativo.compensar.com/"},{"name":"COOPERATIVA DE SALUD Y DESARROLLO INTEGRAL ZONA SUR ORIENTAL DE CARTAGENA","url":"https://vymaps.com/CO/COOPERATIVA-DE-SALUD-Y-DESARROL...L-ZONA-SUR-ORIENTAL-DE-CARTAGENA-LTDA-COOSALUD-E-S-S--162329/"},{"name":"E.P.S. FAMISANAR LTDA.","url":"https://www.famisanar.com.co/"},{"name":"E.P.S. SANITAS S.A.","url":"https://www.epssanitas.com/usuarios/web/nuevo"},{"name":"EPS SERVICIO OCCIDENTAL DE SALUD S.A.","url":"https://www.sos.com.co/"},{"name":"EPS Y MEDICINA PREPAGADA SURAMERICANA S.A","url":"https://www.epssura.com/mobile/index.php?option=com_content&view=article&id=583&Itemid=279"},{"name":"MUTUAL SER EMPRESA SOLIDARIA DE SALUD – MUTUAL SER EPS","url":"https://www.mutualser.com/ser-afiliado/aprende-a-realizar-tu-portabilidad/"},{"name":"NUEVA E.P.S.","url":"https://www.nuevaeps.com.co/personas"},{"name":"SALUD TOTAL S.A. E.P.S.","url":"https://saludtotal.com.co/"},{"name":"SALUDVIDA S.A. E.P.S","url":"https://www.saludvidaeps.com/index.php"},{"name":"SAVIA SALUD EPS","url":"https://www.saviasaludeps.com/sitioweb/"}]},{"id":"3","department":"Bogotá D.C.","eps":[{"name":"ALIANSALUD ENTIDAD PROMOTORA DE SALUD S.A.","url":"https://www.aliansalud.com.co/Paginas/default.aspx"},{"name":"ANASWAYUU","url":"https://epsianaswayuu.com/"},{"name":"ASOCIACIÓN INDÍGENA DEL CAUCA","url":"https://aicsalud.org.co/"},{"name":"ASOCIACION MUTUAL SER EMPRESA SOLIDARIA DE SALUD EPS","url":"https://www.mutualser.com/"},{"name":"COMPENSAR E.P.S.","url":"https://corporativo.compensar.com/"},{"name":"COOPERATIVA DE SALUD Y DESARROLLO INTEGRAL ZONA SUR ORIENTAL DE CARTAGENA","url":"https://vymaps.com/CO/COOPERATIVA-DE-SALUD-Y-DESARROL...L-ZONA-SUR-ORIENTAL-DE-CARTAGENA-LTDA-COOSALUD-E-S-S--162329/"},{"name":"E.P.S. FAMISANAR LTDA.","url":"https://www.famisanar.com.co/"},{"name":"E.P.S. SANITAS S.A.","url":"https://www.epssanitas.com/usuarios/web/nuevo"},{"name":"EPS SERVICIO OCCIDENTAL DE SALUD S.A.","url":"https://www.sos.com.co/"},{"name":"EPS Y MEDICINA PREPAGADA SURAMERICANA S.A","url":"https://www.epssura.com/mobile/index.php?option=com_content&view=article&id=583&Itemid=279"},{"name":"MUTUAL SER EMPRESA SOLIDARIA DE SALUD – MUTUAL SER EPS","url":"https://www.mutualser.com/ser-afiliado/aprende-a-realizar-tu-portabilidad/"},{"name":"NUEVA E.P.S.","url":"https://www.nuevaeps.com.co/personas"},{"name":"SALUD TOTAL S.A. E.P.S.","url":"https://saludtotal.com.co/"},{"name":"SALUDVIDA S.A. E.P.S","url":"https://www.saludvidaeps.com/index.php"},{"name":"SAVIA SALUD EPS","url":"https://www.saviasaludeps.com/sitioweb/"}]},{"id":"4","department":"Boyacá","eps":[{"name":"ALIANSALUD ENTIDAD PROMOTORA DE SALUD S.A.","url":"https://www.aliansalud.com.co/Paginas/default.aspx"},{"name":"ANASWAYUU","url":"https://epsianaswayuu.com/"},{"name":"ASOCIACIÓN INDÍGENA DEL CAUCA","url":"https://aicsalud.org.co/"},{"name":"ASOCIACION MUTUAL SER EMPRESA SOLIDARIA DE SALUD EPS","url":"https://www.mutualser.com/"},{"name":"COMPENSAR E.P.S.","url":"https://corporativo.compensar.com/"},{"name":"COOPERATIVA DE SALUD Y DESARROLLO INTEGRAL ZONA SUR ORIENTAL DE CARTAGENA","url":"https://vymaps.com/CO/COOPERATIVA-DE-SALUD-Y-DESARROL...L-ZONA-SUR-ORIENTAL-DE-CARTAGENA-LTDA-COOSALUD-E-S-S--162329/"},{"name":"E.P.S. FAMISANAR LTDA.","url":"https://www.famisanar.com.co/"},{"name":"E.P.S. SANITAS S.A.","url":"https://www.epssanitas.com/usuarios/web/nuevo"}]},{"id":"5","department":"Bogotá","eps":[]},{"id":"6","department":"Bolívar","eps":[{"name":"ALIANSALUD ENTIDAD PROMOTORA DE SALUD S.A.","url":"https://www.aliansalud.com.co/Paginas/default.aspx"},{"name":"ANASWAYUU","url":"https://epsianaswayuu.com/"},{"name":"ASOCIACION MUTUAL SER EMPRESA SOLIDARIA DE SALUD EPS","url":"https://www.mutualser.com/"},{"name":"COMPENSAR E.P.S.","url":"https://corporativo.compensar.com/"},{"name":"E.P.S. FAMISANAR LTDA.","url":"https://www.famisanar.com.co/"},{"name":"E.P.S. SANITAS S.A.","url":"https://www.epssanitas.com/usuarios/web/nuevo"},{"name":"EPS SERVICIO OCCIDENTAL DE SALUD S.A.","url":"https://www.sos.com.co/"},{"name":"EPS Y MEDICINA PREPAGADA SURAMERICANA S.A","url":"https://www.epssura.com/mobile/index.php?option=com_content&view=article&id=583&Itemid=279"},{"name":"MUTUAL SER EMPRESA SOLIDARIA DE SALUD – MUTUAL SER EPS","url":"https://www.mutualser.com/ser-afiliado/aprende-a-realizar-tu-portabilidad/"},{"name":"NUEVA E.P.S.","url":"https://www.nuevaeps.com.co/personas"},{"name":"SALUD TOTAL S.A. E.P.S.","url":"https://saludtotal.com.co/"},{"name":"SALUDVIDA S.A. E.P.S","url":"https://www.saludvidaeps.com/index.php"},{"name":"SAVIA SALUD EPS","url":"https://www.saviasaludeps.com/sitioweb/"}]},{"id":"7","department":"Boyacá","eps":[{"name":"ALIANSALUD ENTIDAD PROMOTORA DE SALUD S.A.","url":"https://www.aliansalud.com.co/Paginas/default.aspx"},{"name":"ANASWAYUU","url":"https://epsianaswayuu.com/"},{"name":"ASOCIACION MUTUAL SER EMPRESA SOLIDARIA DE SALUD EPS","url":"https://www.mutualser.com/"},{"name":"COMPENSAR E.P.S.","url":"https://corporativo.compensar.com/"},{"name":"E.P.S. FAMISANAR LTDA.","url":"https://www.famisanar.com.co/"},{"name":"E.P.S. SANITAS S.A.","url":"https://www.epssanitas.com/usuarios/web/nuevo"},{"name":"EPS SERVICIO OCCIDENTAL DE SALUD S.A.","url":"https://www.sos.com.co/"},{"name":"EPS Y MEDICINA PREPAGADA SURAMERICANA S.A","url":"https://www.epssura.com/mobile/index.php?option=com_content&view=article&id=583&Itemid=279"},{"name":"MUTUAL SER EMPRESA SOLIDARIA DE SALUD – MUTUAL SER EPS","url":"https://www.mutualser.com/ser-afiliado/aprende-a-realizar-tu-portabilidad/"},{"name":"NUEVA E.P.S.","url":"https://www.nuevaeps.com.co/personas"},{"name":"SALUD TOTAL S.A. E.P.S.","url":"https://saludtotal.com.co/"},{"name":"SALUDVIDA S.A. E.P.S","url":"https://www.saludvidaeps.com/index.php"},{"name":"SAVIA SALUD EPS","url":"https://www.saviasaludeps.com/sitioweb/"}]},{"id":"8","department":"Caldas","eps":[{"name":"ALIANSALUD ENTIDAD PROMOTORA DE SALUD S.A.","url":"https://www.aliansalud.com.co/Paginas/default.aspx"},{"name":"ANASWAYUU","url":"https://epsianaswayuu.com/"},{"name":"ASOCIACION MUTUAL SER EMPRESA SOLIDARIA DE SALUD EPS","url":"https://www.mutualser.com/"},{"name":"COMPENSAR E.P.S.","url":"https://corporativo.compensar.com/"},{"name":"E.P.S.FAMISANAR LTDA.","url":"https://www.famisanar.com.co/"},{"name":"E.P.S.SANITAS S.A.","url":"https://www.epssanitas.com/usuarios/web/nuevo"},{"name":"EPS SERVICIO OCCIDENTAL DE SALUD S.A.","url":"https://www.sos.com.co/"},{"name":"EPS Y MEDICINA PREPAGADA SURAMERICANA S.A","url":"https://www.epssura.com/mobile/index.php?option=com_content&view=article&id=583&Itemid=279"},{"name":"MUTUAL SER EMPRESA SOLIDARIA DE SALUD – MUTUAL SER EPS","url":"https://www.mutualser.com/ser-afiliado/aprende-a-realizar-tu-portabilidad/"},{"name":"NUEVA E.P.S.","url":"https://www.nuevaeps.com.co/personas"},{"name":"SALUD TOTAL S.A. E.P.S.","url":"https://saludtotal.com.co/"},{"name":"SALUDVIDA S.A. E.P.S","url":"https://www.saludvidaeps.com/index.php"},{"name":"SAVIA SALUD EPS","url":"https://www.saviasaludeps.com/sitioweb/"}]},{"id":"9","department":"Caquetá","eps":[{"name":"ALIANSALUD ENTIDAD PROMOTORA DE SALUD S.A.","url":"https://www.aliansalud.com.co/Paginas/default.aspx"},{"name":"ANASWAYUU","url":"https://epsianaswayuu.com/"},{"name":"ASOCIACION MUTUAL SER EMPRESA SOLIDARIA DE SALUD EPS","url":"https://www.mutualser.com/"},{"name":"COMPENSAR E.P.S.","url":"https://corporativo.compensar.com/"},{"name":"E.P.S. FAMISANAR LTDA.","url":"https://www.famisanar.com.co/"},{"name":"E.P.S. SANITAS S.A.","url":"https://www.epssanitas.com/usuarios/web/nuevo"},{"name":"EPS SERVICIO OCCIDENTAL DE SALUD S.A.","url":"https://www.sos.com.co/"},{"name":"EPS Y MEDICINA PREPAGADA SURAMERICANA S.A","url":"https://www.epssura.com/mobile/index.php?option=com_content&view=article&id=583&Itemid=279"},{"name":"MUTUAL SER EMPRESA SOLIDARIA DE SALUD – MUTUAL SER EPS","url":"https://www.mutualser.com/ser-afiliado/aprende-a-realizar-tu-portabilidad/"},{"name":"NUEVA E.P.S.","url":"https://www.nuevaeps.com.co/personas"},{"name":"SALUD TOTAL S.A. E.P.S.","url":"https://saludtotal.com.co/"},{"name":"SALUDVIDA S.A. E.P.S","url":"https://www.saludvidaeps.com/index.php"},{"name":"SAVIA SALUD EPS","url":"https://www.saviasaludeps.com/sitioweb/"}]},{"id":"10","department":"Cauca","eps":[{"name":"ALIANSALUD ENTIDAD PROMOTORA DE SALUD S.A.","url":"https://www.aliansalud.com.co/Paginas/default.aspx"},{"name":"ANASWAYUU","url":"https://epsianaswayuu.com/"},{"name":"ASOCIACION MUTUAL SER EMPRESA SOLIDARIA DE SALUD EPS","url":"https://www.mutualser.com/"},{"name":"COMPENSAR E.P.S.","url":"https://corporativo.compensar.com/"},{"name":"E.P.S. FAMISANAR LTDA.","url":"https://www.famisanar.com.co/"},{"name":"E.P.S. SANITAS S.A.","url":"https://www.epssanitas.com/usuarios/web/nuevo"},{"name":"EPS SERVICIO OCCIDENTAL DE SALUD S.A.","url":"https://www.sos.com.co/"},{"name":"EPS Y MEDICINA PREPAGADA SURAMERICANA S.A","url":"https://www.epssura.com/mobile/index.php?option=com_content&view=article&id=583&Itemid=279"},{"name":"MUTUAL SER EMPRESA SOLIDARIA DE SALUD – MUTUAL SER EPS","url":"https://www.mutualser.com/ser-afiliado/aprende-a-realizar-tu-portabilidad/"},{"name":"NUEVA E.P.S.","url":"https://www.nuevaeps.com.co/personas"},{"name":"SALUD TOTAL S.A. E.P.S.","url":"https://saludtotal.com.co/"},{"name":"SALUDVIDA S.A. E.P.S","url":"https://www.saludvidaeps.com/index.php"},{"name":"SAVIA SALUD EPS","url":"https://www.saviasaludeps.com/sitioweb/"}]},{"id":"11","department":"Cesar","eps":[{"name":"ANASWAYUU","url":"http://ANASWAYUU"},{"name":"ASOCIACIÓN INDÍGENA DEL CESAR Y LA GUAJIRA DUSAKAWI","url":"https://dusakawiepsi.com/"},{"name":"ASOCIACIÓN INDÍGENA DEL CAUCA","url":"https://aicsalud.org.co/"},{"name":"ASOCIACION MUTUAL SER EMPRESA SOLIDARIA DE SALUD EPS","url":"https://www.mutualser.com/"},{"name":"COMPENSAR E.P.S.","url":"https://corporativo.compensar.com/"},{"name":"E.P.S. FAMISANAR LTDA.","url":"https://www.famisanar.com.co/"},{"name":"E.P.S. SANITAS S.A.","url":"https://www.epssanitas.com/usuarios/web/nuevo"},{"name":"EPS SERVICIO OCCIDENTAL DE SALUD S.A.","url":"https://www.sos.com.co/"},{"name":"EPS Y MEDICINA PREPAGADA SURAMERICANA S.A","url":"https://www.epssura.com/mobile/index.php?option=com_content&view=article&id=583&Itemid=279"},{"name":"MUTUAL SER EMPRESA SOLIDARIA DE SALUD – MUTUAL SER EPS","url":"https://www.mutualser.com/ser-afiliado/aprende-a-realizar-tu-portabilidad/"},{"name":"NUEVA E.P.S.","url":"https://www.nuevaeps.com.co/personas"},{"name":"SALUD TOTAL S.A. E.P.S.","url":"https://saludtotal.com.co/"},{"name":"SALUDVIDA S.A. E.P.S","url":"https://www.saludvidaeps.com/index.php"},{"name":"SAVIA SALUD EPS","url":"https://www.saviasaludeps.com/sitioweb/"}]},{"id":"12","department":"Chocó","eps":[{"name":"ANASWAYUU","url":"http://ANASWAYUU"},{"name":"ASOCIACIÓN INDÍGENA DEL CAUCA","url":"https://aicsalud.org.co/"},{"name":"ASOCIACION MUTUAL SER EMPRESA SOLIDARIA DE SALUD EPS","url":"https://www.mutualser.com/"},{"name":"COMPENSAR E.P.S.","url":"https://corporativo.compensar.com/"},{"name":"E.P.S. FAMISANAR LTDA.","url":"https://www.famisanar.com.co/"},{"name":"E.P.S. SANITAS S.A.","url":"https://www.epssanitas.com/usuarios/web/nuevo"},{"name":"EPS SERVICIO OCCIDENTAL DE SALUD S.A.","url":"https://www.sos.com.co/"},{"name":"EPS Y MEDICINA PREPAGADA SURAMERICANA S.A","url":"https://www.epssura.com/mobile/index.php?option=com_content&view=article&id=583&Itemid=279"},{"name":"MUTUAL SER EMPRESA SOLIDARIA DE SALUD – MUTUAL SER EPS","url":"https://www.mutualser.com/ser-afiliado/aprende-a-realizar-tu-portabilidad/"},{"name":"NUEVA E.P.S.","url":"https://www.nuevaeps.com.co/personas"},{"name":"SALUD TOTAL S.A. E.P.S.","url":"https://saludtotal.com.co/"},{"name":"SALUDVIDA S.A. E.P.S","url":"https://www.saludvidaeps.com/index.php"}]},{"id":"13","department":"Córdoba","eps":[{"name":"ANASWAYUU","url":"http://ANASWAYUU"},{"name":"ASOCIACIÓN INDÍGENA DEL CAUCA","url":"https://aicsalud.org.co/"},{"name":"ASOCIACION MUTUAL SER EMPRESA SOLIDARIA DE SALUD EPS","url":"https://www.mutualser.com/"},{"name":"COMPENSAR E.P.S.","url":"https://corporativo.compensar.com/"},{"name":"E.P.S. FAMISANAR LTDA.","url":"https://www.famisanar.com.co/"},{"name":"E.P.S. SANITAS S.A.","url":"https://www.epssanitas.com/usuarios/web/nuevo"},{"name":"EPS SERVICIO OCCIDENTAL DE SALUD S.A.","url":"https://www.sos.com.co/"},{"name":"EPS Y MEDICINA PREPAGADA SURAMERICANA S.A","url":"https://www.epssura.com/mobile/index.php?option=com_content&view=article&id=583&Itemid=279"},{"name":"MUTUAL SER EMPRESA SOLIDARIA DE SALUD – MUTUAL SER EPS","url":"https://www.mutualser.com/ser-afiliado/aprende-a-realizar-tu-portabilidad/"},{"name":"NUEVA E.P.S.","url":"https://www.nuevaeps.com.co/personas"},{"name":"SALUD TOTAL S.A. E.P.S.","url":"https://saludtotal.com.co/"},{"name":"SALUDVIDA S.A. E.P.S","url":"https://www.saludvidaeps.com/index.php"},{"name":"SAVIA SALUD EPS","url":"https://www.saviasaludeps.com/sitioweb/"}]},{"id":"14","department":"Cundinamarca","eps":[{"name":"ANASWAYUU","url":"http://ANASWAYUU"},{"name":"ASOCIACIÓN INDÍGENA DEL CAUCA","url":"https://aicsalud.org.co/"},{"name":"ASOCIACION MUTUAL SER EMPRESA SOLIDARIA DE SALUD EPS","url":"https://www.mutualser.com/"},{"name":"COMPENSAR E.P.S.","url":"https://corporativo.compensar.com/"},{"name":"E.P.S. FAMISANAR LTDA.","url":"https://www.famisanar.com.co/"},{"name":"E.P.S. SANITAS S.A.","url":"https://www.epssanitas.com/usuarios/web/nuevo"},{"name":"EPS SERVICIO OCCIDENTAL DE SALUD S.A.","url":"https://www.sos.com.co/"},{"name":"EPS Y MEDICINA PREPAGADA SURAMERICANA S.A","url":"https://www.epssura.com/mobile/index.php?option=com_content&view=article&id=583&Itemid=279"},{"name":"MUTUAL SER EMPRESA SOLIDARIA DE SALUD – MUTUAL SER EPS","url":"https://www.mutualser.com/ser-afiliado/aprende-a-realizar-tu-portabilidad/"},{"name":"NUEVA E.P.S.","url":"https://www.nuevaeps.com.co/personas"},{"name":"SALUD TOTAL S.A. E.P.S.","url":"https://saludtotal.com.co/"},{"name":"SALUDVIDA S.A. E.P.S","url":"https://www.saludvidaeps.com/index.php"},{"name":"SAVIA SALUD EPS","url":"https://www.saviasaludeps.com/sitioweb/"}]},{"id":"15","department":"Guainía","eps":[{"name":"ANASWAYUU","url":"http://ANASWAYUU"},{"name":"ASOCIACIÓN INDÍGENA DEL CAUCA","url":"https://aicsalud.org.co/"},{"name":"COMPENSAR E.P.S.","url":"https://corporativo.compensar.com/"},{"name":"E.P.S. FAMISANAR LTDA.","url":"https://www.famisanar.com.co/"},{"name":"E.P.S. SANITAS S.A.","url":"https://www.epssanitas.com/usuarios/web/nuevo"},{"name":"EPS SERVICIO OCCIDENTAL DE SALUD S.A.","url":"https://www.sos.com.co/"},{"name":"EPS Y MEDICINA PREPAGADA SURAMERICANA S.A","url":"https://www.epssura.com/mobile/index.php?option=com_content&view=article&id=583&Itemid=279"}]},{"id":"16","department":"Guaviare","eps":[{"name":"ANASWAYUU","url":"http://ANASWAYUU"},{"name":"ASOCIACIÓN INDÍGENA DEL CAUCA","url":"https://aicsalud.org.co/"},{"name":"ASOCIACION MUTUAL SER EMPRESA SOLIDARIA DE SALUD EPS","url":"https://www.mutualser.com/"},{"name":"COMPENSAR E.P.S.","url":"https://corporativo.compensar.com/"},{"name":"E.P.S. FAMISANAR LTDA.","url":"https://www.famisanar.com.co/"},{"name":"E.P.S. SANITAS S.A.","url":"https://www.epssanitas.com/usuarios/web/nuevo"},{"name":"EPS SERVICIO OCCIDENTAL DE SALUD S.A.","url":"https://www.sos.com.co/"},{"name":"EPS Y MEDICINA PREPAGADA SURAMERICANA S.A","url":"https://www.epssura.com/mobile/index.php?option=com_content&view=article&id=583&Itemid=279"}]},{"id":"17","department":"Huila","eps":[{"name":"ANASWAYUU","url":"http://ANASWAYUU"},{"name":"ASOCIACIÓN INDÍGENA DEL CAUCA","url":"https://aicsalud.org.co/"},{"name":"ASOCIACION MUTUAL SER EMPRESA SOLIDARIA DE SALUD EPS","url":"https://www.mutualser.com/"},{"name":"COMPENSAR E.P.S.","url":"https://corporativo.compensar.com/"},{"name":"E.P.S. FAMISANAR LTDA.","url":"https://www.famisanar.com.co/"},{"name":"E.P.S. SANITAS S.A.","url":"https://www.epssanitas.com/usuarios/web/nuevo"},{"name":"EPS SERVICIO OCCIDENTAL DE SALUD S.A.","url":"https://www.sos.com.co/"},{"name":"EPS Y MEDICINA PREPAGADA SURAMERICANA S.A","url":"https://www.epssura.com/mobile/index.php?option=com_content&view=article&id=583&Itemid=279"},{"name":"MUTUAL SER EMPRESA SOLIDARIA DE SALUD – MUTUAL SER EPS","url":"https://www.mutualser.com/ser-afiliado/aprende-a-realizar-tu-portabilidad/"}]},{"id":"18","department":"Guajira","eps":[{"name":"ANASWAYUU","url":"http://ANASWAYUU"},{"name":"ASOCIACIÓN INDÍGENA DEL CAUCA","url":"https://aicsalud.org.co/"},{"name":"ASOCIACION MUTUAL SER EMPRESA SOLIDARIA DE SALUD EPS","url":"https://www.mutualser.com/"},{"name":"COMPENSAR E.P.S.","url":"https://corporativo.compensar.com/"},{"name":"E.P.S. FAMISANAR LTDA.","url":"https://www.famisanar.com.co/"},{"name":"E.P.S. SANITAS S.A.","url":"https://www.epssanitas.com/usuarios/web/nuevo"},{"name":"EPS SERVICIO OCCIDENTAL DE SALUD S.A.","url":"https://www.sos.com.co/"},{"name":"EPS Y MEDICINA PREPAGADA SURAMERICANA S.A","url":"https://www.epssura.com/mobile/index.php?option=com_content&view=article&id=583&Itemid=279"},{"name":"MUTUAL SER EMPRESA SOLIDARIA DE SALUD – MUTUAL SER EPS","url":"https://www.mutualser.com/ser-afiliado/aprende-a-realizar-tu-portabilidad/"}]},{"id":"19","department":"Magdalena","eps":[{"name":"ANASWAYUU","url":"http://ANASWAYUU"},{"name":"ASOCIACIÓN INDÍGENA DEL CAUCA","url":"https://aicsalud.org.co/"},{"name":"ASOCIACION MUTUAL SER EMPRESA SOLIDARIA DE SALUD EPS","url":"https://www.mutualser.com/"},{"name":"COMPENSAR E.P.S.","url":"https://corporativo.compensar.com/"},{"name":"E.P.S. FAMISANAR LTDA.","url":"https://www.famisanar.com.co/"},{"name":"E.P.S. SANITAS S.A.","url":"https://www.epssanitas.com/usuarios/web/nuevo"},{"name":"EPS SERVICIO OCCIDENTAL DE SALUD S.A.","url":"https://www.sos.com.co/"},{"name":"EPS Y MEDICINA PREPAGADA SURAMERICANA S.A","url":"https://www.epssura.com/mobile/index.php?option=com_content&view=article&id=583&Itemid=279"},{"name":"MUTUAL SER EMPRESA SOLIDARIA DE SALUD – MUTUAL SER EPS","url":"https://www.mutualser.com/ser-afiliado/aprende-a-realizar-tu-portabilidad/"}]},{"id":"20","department":"Meta","eps":[{"name":"ANASWAYUU","url":"http://ANASWAYUU"},{"name":"ASOCIACIÓN INDÍGENA DEL CAUCA","url":"https://aicsalud.org.co/"},{"name":"ASOCIACION MUTUAL SER EMPRESA SOLIDARIA DE SALUD EPS","url":"https://www.mutualser.com/"},{"name":"COMPENSAR E.P.S.","url":"https://corporativo.compensar.com/"},{"name":"E.P.S. FAMISANAR LTDA.","url":"https://www.famisanar.com.co/"},{"name":"E.P.S. SANITAS S.A.","url":"https://www.epssanitas.com/usuarios/web/nuevo"},{"name":"EPS SERVICIO OCCIDENTAL DE SALUD S.A.","url":"https://www.sos.com.co/"},{"name":"EPS Y MEDICINA PREPAGADA SURAMERICANA S.A","url":"https://www.epssura.com/mobile/index.php?option=com_content&view=article&id=583&Itemid=279"},{"name":"MUTUAL SER EMPRESA SOLIDARIA DE SALUD – MUTUAL SER EPS","url":"https://www.mutualser.com/ser-afiliado/aprende-a-realizar-tu-portabilidad/"}]},{"id":"21","department":"Nariño","eps":[{"name":"ALIANSALUD ENTIDAD PROMOTORA DE SALUD S.A.","url":"https://www.aliansalud.com.co/Paginas/default.aspx"},{"name":"ASOCIACIÓN INDÍGENA DEL CAUCA","url":"https://aicsalud.org.co/"},{"name":"CAPITAL SALUD","url":"https://www.capitalsalud.gov.co/"},{"name":"COMPENSAR E.P.S.","url":"https://corporativo.compensar.com/"},{"name":"E.P.S. FAMISANAR LTDA.","url":"https://www.famisanar.com.co/"},{"name":"E.P.S. SANITAS S.A.","url":"https://www.epssanitas.com/usuarios/web/nuevo"},{"name":"EPS SERVICIO OCCIDENTAL DE SALUD S.A.","url":"https://www.sos.com.co/"},{"name":"EPS Y MEDICINA PREPAGADA SURAMERICANA S.A","url":"https://www.epssura.com/mobile/index.php?option=com_content&view=article&id=583&Itemid=279"},{"name":"MALLAMAS","url":"https://www.mallamaseps.com.co/"},{"name":"NUEVA EPS S.A.","url":"https://www.nuevaeps.com.co/personas"},{"name":"SALUD TOTAL S.A. E.P.S.","url":"https://saludtotal.com.co/"}]},{"id":"22","department":"Norte de Santander","eps":[{"name":"ALIANSALUD ENTIDAD PROMOTORA DE SALUD S.A.","url":"https://www.aliansalud.com.co/Paginas/default.aspx"},{"name":"ASOCIACIÓN INDÍGENA DEL CAUCA","url":"https://aicsalud.org.co/"},{"name":"CAPITAL SALUD","url":"https://www.capitalsalud.gov.co/"},{"name":"COMPENSAR E.P.S.","url":"https://corporativo.compensar.com/"},{"name":"E.P.S. FAMISANAR LTDA.","url":"https://www.famisanar.com.co/"},{"name":"E.P.S. SANITAS S.A.","url":"https://www.epssanitas.com/usuarios/web/nuevo"},{"name":"EPS SERVICIO OCCIDENTAL DE SALUD S.A.","url":"https://www.sos.com.co/"},{"name":"EPS Y MEDICINA PREPAGADA SURAMERICANA S.A","url":"https://www.epssura.com/mobile/index.php?option=com_content&view=article&id=583&Itemid=279"},{"name":"MALLAMAS","url":"https://www.mallamaseps.com.co/"},{"name":"NUEVA EPS S.A.","url":"https://www.nuevaeps.com.co/personas"},{"name":"SALUD TOTAL S.A. E.P.S.","url":"https://saludtotal.com.co/"},{"name":"SALUDVIDA S.A. E.P.S","url":"https://www.saludvidaeps.com/index.php"}]},{"id":"23","department":"Putumayo","eps":[{"name":"ALIANSALUD ENTIDAD PROMOTORA DE SALUD S.A.","url":"https://www.aliansalud.com.co/Paginas/default.aspx"},{"name":"ASOCIACIÓN INDÍGENA DEL CAUCA","url":"https://aicsalud.org.co/"},{"name":"CAPITAL SALUD","url":"https://www.capitalsalud.gov.co/"},{"name":"COMPENSAR E.P.S.","url":"https://corporativo.compensar.com/"},{"name":"E.P.S. FAMISANAR LTDA.","url":"https://www.famisanar.com.co/"},{"name":"E.P.S. SANITAS S.A.","url":"https://www.epssanitas.com/usuarios/web/nuevo"},{"name":"EPS SERVICIO OCCIDENTAL DE SALUD S.A.","url":"https://www.sos.com.co/"},{"name":"EPS Y MEDICINA PREPAGADA SURAMERICANA S.A","url":"https://www.epssura.com/mobile/index.php?option=com_content&view=article&id=583&Itemid=279"},{"name":"MALLAMAS","url":"https://www.mallamaseps.com.co/"},{"name":"NUEVA EPS S.A.","url":"https://www.nuevaeps.com.co/personas"},{"name":"SALUD TOTAL S.A. E.P.S.","url":"https://saludtotal.com.co/"}]},{"id":"24","department":"Quindío","eps":[{"name":"ALIANSALUD ENTIDAD PROMOTORA DE SALUD S.A.","url":"https://www.aliansalud.com.co/Paginas/default.aspx"},{"name":"ASOCIACIÓN INDÍGENA DEL CAUCA","url":"https://aicsalud.org.co/"},{"name":"CAPITAL SALUD","url":"https://www.capitalsalud.gov.co/"},{"name":"COMPENSAR E.P.S.","url":"https://corporativo.compensar.com/"},{"name":"E.P.S. FAMISANAR LTDA.","url":"https://www.famisanar.com.co/"},{"name":"E.P.S. SANITAS S.A.","url":"https://www.epssanitas.com/usuarios/web/nuevo"},{"name":"EPS SERVICIO OCCIDENTAL DE SALUD S.A.","url":"https://www.sos.com.co/"},{"name":"EPS Y MEDICINA PREPAGADA SURAMERICANA S.A","url":"https://www.epssura.com/mobile/index.php?option=com_content&view=article&id=583&Itemid=279"},{"name":"MALLAMAS","url":"https://www.mallamaseps.com.co/"},{"name":"NUEVA EPS S.A.","url":"https://www.nuevaeps.com.co/personas"},{"name":"SALUD TOTAL S.A. E.P.S.","url":"https://saludtotal.com.co/"}]},{"id":"25","department":"Risaralda","eps":[{"name":"ALIANSALUD ENTIDAD PROMOTORA DE SALUD S.A.","url":"https://www.aliansalud.com.co/Paginas/default.aspx"},{"name":"ASOCIACIÓN INDÍGENA DEL CAUCA","url":"https://aicsalud.org.co/"},{"name":"CAPITAL SALUD","url":"https://www.capitalsalud.gov.co/"},{"name":"COMPENSAR E.P.S.","url":"https://corporativo.compensar.com/"},{"name":"E.P.S. FAMISANAR LTDA.","url":"https://www.famisanar.com.co/"},{"name":"E.P.S. SANITAS S.A.","url":"https://www.epssanitas.com/usuarios/web/nuevo"},{"name":"EPS SERVICIO OCCIDENTAL DE SALUD S.A.","url":"https://www.sos.com.co/"},{"name":"EPS Y MEDICINA PREPAGADA SURAMERICANA S.A","url":"https://www.epssura.com/mobile/index.php?option=com_content&view=article&id=583&Itemid=279"},{"name":"MALLAMAS","url":"https://www.mallamaseps.com.co/"},{"name":"NUEVA EPS S.A.","url":"https://www.nuevaeps.com.co/personas"}]},{"id":"26","department":"San Andrés y Providencia","eps":[{"name":"ALIANSALUD ENTIDAD PROMOTORA DE SALUD S.A.","url":"https://www.aliansalud.com.co/Paginas/default.aspx"},{"name":"ASOCIACIÓN INDÍGENA DEL CAUCA","url":"https://aicsalud.org.co/"},{"name":"CAPITAL SALUD","url":"https://www.capitalsalud.gov.co/"},{"name":"COMPENSAR E.P.S.","url":"https://corporativo.compensar.com/"},{"name":"E.P.S. FAMISANAR LTDA.","url":"https://www.famisanar.com.co/"},{"name":"E.P.S. SANITAS S.A.","url":"https://www.epssanitas.com/usuarios/web/nuevo"},{"name":"EPS SERVICIO OCCIDENTAL DE SALUD S.A.","url":"https://www.sos.com.co/"},{"name":"EPS Y MEDICINA PREPAGADA SURAMERICANA S.A","url":"https://www.epssura.com/mobile/index.php?option=com_content&view=article&id=583&Itemid=279"}]},{"id":"27","department":"Santander","eps":[{"name":"ALIANSALUD ENTIDAD PROMOTORA DE SALUD S.A.","url":"https://www.aliansalud.com.co/Paginas/default.aspx"},{"name":"ASOCIACIÓN INDÍGENA DEL CAUCA","url":"https://aicsalud.org.co/"},{"name":"CAPITAL SALUD","url":"https://www.capitalsalud.gov.co/"},{"name":"COMPENSAR E.P.S.","url":"https://corporativo.compensar.com/"}]},{"id":"28","department":"Sucre","eps":[{"name":"ALIANSALUD ENTIDAD PROMOTORA DE SALUD S.A.","url":"https://www.aliansalud.com.co/Paginas/default.aspx"},{"name":"ASOCIACIÓN INDÍGENA DEL CAUCA","url":"https://aicsalud.org.co/"},{"name":"ASOCIACION MUTUAL SER EMPRESA SOLIDARIA DE SALUD EPS","url":"https://www.mutualser.com/"}]},{"id":"29","department":"Tolima","eps":[{"name":"ALIANSALUD ENTIDAD PROMOTORA DE SALUD S.A.","url":"https://www.aliansalud.com.co/Paginas/default.aspx"},{"name":"ASOCIACIÓN INDÍGENA DEL CAUCA","url":"https://aicsalud.org.co/"},{"name":"ASOCIACION MUTUAL SER EMPRESA SOLIDARIA DE SALUD EPS","url":"https://www.mutualser.com/"}]},{"id":"30","department":"Valle del Cauca","eps":[{"name":"ALIANSALUD ENTIDAD PROMOTORA DE SALUD S.A.","url":"https://www.aliansalud.com.co/Paginas/default.aspx"},{"name":"ANASWAYUU","url":"https://epsianaswayuu.com/"},{"name":"ASOCIACIÓN INDÍGENA DEL CAUCA","url":"https://aicsalud.org.co/"},{"name":"ASOCIACION MUTUAL SER EMPRESA SOLIDARIA DE SALUD EPS","url":"https://www.mutualser.com/"},{"name":"COMPENSAR E.P.S.","url":"https://corporativo.compensar.com/"},{"name":"E.P.S. FAMISANAR LTDA.","url":"https://www.famisanar.com.co/"},{"name":"E.P.S. SANITAS S.A.","url":"https://www.epssanitas.com/usuarios/web/nuevo"},{"name":"EPS SERVICIO OCCIDENTAL DE SALUD S.A.","url":"https://www.sos.com.co/"},{"name":"EPS Y MEDICINA PREPAGADA SURAMERICANA S.A","url":"https://www.epssura.com/mobile/index.php?option=com_content&view=article&id=583&Itemid=279"},{"name":"MUTUAL SER EMPRESA SOLIDARIA DE SALUD – MUTUAL SER EPS","url":"https://www.mutualser.com/ser-afiliado/aprende-a-realizar-tu-portabilidad/"},{"name":"NUEVA E.P.S.","url":"https://www.nuevaeps.com.co/personas"},{"name":"SALUD TOTAL S.A. E.P.S.","url":"https://saludtotal.com.co/"}]},{"id":"31","department":"Vaupés","eps":[{"name":"ALIANSALUD ENTIDAD PROMOTORA DE SALUD S.A.","url":"https://www.aliansalud.com.co/Paginas/default.aspx"},{"name":"ASOCIACIÓN INDÍGENA DEL CAUCA","url":"https://aicsalud.org.co/"}]},{"id":"32","department":"Vichada","eps":[{"name":"ALIANSALUD ENTIDAD PROMOTORA DE SALUD S.A.","url":"https://www.aliansalud.com.co/Paginas/default.aspx"},{"name":"ANASWAYUU","url":"https://epsianaswayuu.com/"}]}]